Time,Event
21.42,failure
33.55,failure
33.55,failure
33.56,failure
35.97,failure
36.46,failure
59.96,PM
191.75,failure
221.1,failure
221.64,failure
222.91,PM
224.52,failure
225.16,failure
755.48,failure
755.53,failure
755.88,failure
771.13,failure
773.92,failure
807.06,failure
807.56,failure
811.12,failure
811.13,PM
813.25,failure
819.83,PM
825.75,PM
825.88,failure
853.54,failure
853.61,failure
907.83,failure
925.82,failure
929.17,failure
929.17,PM
957.47,failure
1049.53,failure
1113.86,failure
1164.77,failure
1171.01,failure
1537.15,failure
1554.85,failure
1603.24,failure
1607.62,failure
1669.51,failure
1669.64,failure
1675.0,failure
1764.79,failure
1769.42,failure
1769.42,PM
1772.12,PM
1776.45,PM
1796.02,failure
1840.93,failure
1854.23,failure
1861.49,failure
1862.19,failure
1863.15,PM
1870.88,failure
1883.53,failure
1885.33,failure
1885.38,failure
2890.05,failure
2896.17,failure
2896.99,PM
3023.52,failure
3050.52,PM
3050.62,failure
3060.52,failure
3076.42,failure
3116.99,failure
3136.99,PM
3151.45,failure
3159.87,PM
3159.88,failure
3162.8,failure
3162.8,failure
3162.99,failure
3168.82,failure
3170.07,PM
3213.84,failure
3214.24,failure
3214.45,PM
3214.63,PM
3219.84,PM
3476.91,failure
3485.27,failure
3485.34,failure
3490.22,failure
3504.49,failure
3528.24,PM
3570.43,failure
3605.26,PM
3605.68,failure
3615.91,failure
3628.54,failure
3634.03,failure
3645.4,failure
3648.57,failure
3648.75,PM
3786.28,failure
3845.01,failure
